animal_id,timestamp,longitude,latitude
Fox-1,2024-05-01T06:00:00,-105.101409,40.097207
Fox-1,2024-05-01T07:00:00,-105.100202,40.093786
Fox-1,2024-05-01T08:00:00,-105.099915,40.092712
Fox-1,2024-05-01T09:00:00,-105.103451,40.092771
Fox-1,2024-05-01T10:00:00,-105.107151,40.09224
Fox-1,2024-05-01T11:00:00,-105.110592,40.088966
Fox-1,2024-05-01T12:00:00,-105.111196,40.091581
Fox-1,2024-05-01T13:00:00,-105.114205,40.089367
Fox-1,2024-05-01T14:00:00,-105.113186,40.092949
Fox-1,2024-05-01T15:00:00,-105.112569,40.092122
Fox-1,2024-05-01T16:00:00,-105.108759,40.088495
Fox-1,2024-05-01T17:00:00,-105.105891,40.086812
Fox-1,2024-05-01T18:00:00,-105.108737,40.083754
Fox-1,2024-05-01T19:00:00,-105.110269,40.086283
Fox-1,2024-05-01T20:00:00,-105.112824,40.086936
Fox-1,2024-05-01T21:00:00,-105.111712,40.085915
Fox-1,2024-05-01T22:00:00,-105.11133,40.082417
Fox-1,2024-05-01T23:00:00,-105.114854,40.080065
Fox-1,2024-05-02T00:00:00,-105.11341,40.079486
Fox-1,2024-05-02T01:00:00,-105.114897,40.08017
Fox-1,2024-05-02T02:00:00,-105.115272,40.078568
Fox-1,2024-05-02T03:00:00,-105.112917,40.08016
Fox-1,2024-05-02T04:00:00,-105.114964,40.080756
Fox-1,2024-05-02T05:00:00,-105.114762,40.083757
Fox-1,2024-05-02T06:00:00,-105.112927,40.08206
Fox-1,2024-05-02T07:00:00,-105.109085,40.079005
Fox-1,2024-05-02T08:00:00,-105.10974,40.081062
Fox-1,2024-05-02T09:00:00,-105.112525,40.080974
Fox-1,2024-05-02T10:00:00,-105.116211,40.082319
Fox-1,2024-05-02T11:00:00,-105.114094,40.082903
Fox-1,2024-05-02T12:00:00,-105.11109,40.081413
Fox-1,2024-05-02T13:00:00,-105.109528,40.082168
Fox-1,2024-05-02T14:00:00,-105.108889,40.081818
Fox-1,2024-05-02T15:00:00,-105.106169,40.085375
Fox-1,2024-05-02T16:00:00,-105.106376,40.086689
Fox-2,2024-05-01T06:00:00,-105.043515,40.151612
Fox-2,2024-05-01T07:00:00,-105.042338,40.155557
Fox-2,2024-05-01T08:00:00,-105.039762,40.153833
Fox-2,2024-05-01T09:00:00,-105.040676,40.155183
Fox-2,2024-05-01T10:00:00,-105.044495,40.154876
Fox-2,2024-05-01T11:00:00,-105.047151,40.151813
Fox-2,2024-05-01T12:00:00,-105.050679,40.153959
Fox-2,2024-05-01T13:00:00,-105.053645,40.15194
Fox-2,2024-05-01T14:00:00,-105.054517,40.154911
Fox-2,2024-05-01T15:00:00,-105.057872,40.154505
Fox-2,2024-05-01T16:00:00,-105.057477,40.157572
Fox-2,2024-05-01T17:00:00,-105.054923,40.160484
Fox-2,2024-05-01T18:00:00,-105.056695,40.159806
Fox-2,2024-05-01T19:00:00,-105.057825,40.16288
Fox-2,2024-05-01T20:00:00,-105.054163,40.160087
Fox-2,2024-05-01T21:00:00,-105.056754,40.157943
Fox-2,2024-05-01T22:00:00,-105.058887,40.157822
Fox-2,2024-05-01T23:00:00,-105.058174,40.155924
Fox-2,2024-05-02T00:00:00,-105.062141,40.155276
Fox-2,2024-05-02T01:00:00,-105.063187,40.155807
Fox-2,2024-05-02T02:00:00,-105.059562,40.15733
Fox-2,2024-05-02T03:00:00,-105.059438,40.158271
Fox-2,2024-05-02T04:00:00,-105.058029,40.154703
Fox-2,2024-05-02T05:00:00,-105.054832,40.156943
Fox-2,2024-05-02T06:00:00,-105.051836,40.159326
Fox-2,2024-05-02T07:00:00,-105.052697,40.158518
Fox-2,2024-05-02T08:00:00,-105.055869,40.159592
Fox-2,2024-05-02T09:00:00,-105.059371,40.156131
Fox-2,2024-05-02T10:00:00,-105.061701,40.153429
Fox-2,2024-05-02T11:00:00,-105.062981,40.14985
Fox-2,2024-05-02T12:00:00,-105.066979,40.14706
Fox-2,2024-05-02T13:00:00,-105.070167,40.145969
Fox-2,2024-05-02T14:00:00,-105.073963,40.148964
Fox-2,2024-05-02T15:00:00,-105.07305,40.146152
Fox-2,2024-05-02T16:00:00,-105.075032,40.144931
